City_ID,City,Country,Date,Lat,Lng,Max Temp,Humidity,Cloudiness,Wind Speed,Current Description
0,Cherskiy,RU,2022-09-22 05:43:14,68.75,161.3,45.55,54,3,4.81,clear sky
1,Kununurra,AU,2022-09-22 05:46:04,-15.7667,128.7333,100.38,30,40,4.61,scattered clouds
2,Yanji,CN,2022-09-22 05:46:04,42.9075,129.5078,70.45,47,51,6.93,broken clouds
3,Yellowknife,CA,2022-09-22 05:42:41,62.456,-114.3525,52.32,76,20,5.75,few clouds
4,Gagra,GE,2022-09-22 05:50:28,43.3283,40.2239,61.72,91,100,8.16,overcast clouds
5,Rikitea,PF,2022-09-22 05:41:25,-23.1203,-134.9692,73.08,72,3,14.16,clear sky
6,Kuzino,RU,2022-09-22 05:50:28,57.0224,59.4412,58.26,63,100,4.61,overcast clouds
7,Sanmenxia,CN,2022-09-22 05:50:29,34.7747,111.1814,81.59,17,36,20.22,scattered clouds
8,La Ronge,CA,2022-09-22 05:50:29,55.1001,-105.2842,50.25,62,0,11.5,clear sky
9,Atbasar,KZ,2022-09-22 05:50:30,51.8,68.3333,75.65,37,0,4.41,clear sky
10,Arraial Do Cabo,BR,2022-09-22 05:47:36,-22.9661,-42.0278,67.95,95,100,1.86,overcast clouds
11,Khatanga,RU,2022-09-22 05:50:30,71.9667,102.5,30.06,65,8,16.89,clear sky
12,Mataura,NZ,2022-09-22 05:42:34,-46.1927,168.8643,55.47,72,17,3.0,few clouds
13,Ljungby,SE,2022-09-22 05:50:31,56.8332,13.9408,36.01,80,68,3.51,broken clouds
14,Kapaa,US,2022-09-22 05:43:23,22.0752,-159.319,82.38,85,40,11.5,moderate rain
15,Geraldton,AU,2022-09-22 05:44:01,-28.7667,114.6,70.21,56,100,10.36,overcast clouds
16,Provideniya,RU,2022-09-22 05:42:55,64.3833,-173.3,44.71,100,100,8.99,fog
17,Torbay,CA,2022-09-22 05:50:32,47.6666,-52.7314,56.57,89,100,20.71,overcast clouds
18,Kloulklubed,PW,2022-09-22 05:50:32,7.0419,134.2556,84.76,67,100,8.23,overcast clouds
19,Cassilandia,BR,2022-09-22 05:50:31,-19.1133,-51.7342,73.78,74,73,3.96,broken clouds
20,Busselton,AU,2022-09-22 05:42:34,-33.65,115.3333,58.59,47,100,6.2,overcast clouds
21,Puerto Ayora,EC,2022-09-22 05:50:33,-0.7393,-90.3518,68.56,85,63,7.0,broken clouds
22,Cape Town,ZA,2022-09-22 05:42:05,-33.9258,18.4232,60.39,84,40,10.36,scattered clouds
23,Padang,ID,2022-09-22 05:42:45,-0.9492,100.3543,82.45,67,80,5.95,broken clouds
24,Thompson,CA,2022-09-22 05:42:45,55.7435,-97.8558,37.56,93,0,2.3,clear sky
25,Port Alfred,ZA,2022-09-22 05:42:32,-33.5906,26.891,66.83,53,6,8.37,clear sky
26,Matay,EG,2022-09-22 05:48:14,28.419,30.7792,82.54,29,0,0.2,clear sky
27,Zacualpan,MX,2022-09-22 05:50:34,21.25,-105.1667,78.57,88,100,2.17,overcast clouds
28,Chokurdakh,RU,2022-09-22 05:43:20,70.6333,147.9167,34.9,93,100,10.63,overcast clouds
29,Barrow,US,2022-09-22 05:42:38,71.2906,-156.7887,37.42,87,100,9.22,overcast clouds
30,East London,ZA,2022-09-22 05:43:58,-33.0153,27.9116,61.74,72,0,4.61,clear sky
31,Gayny,RU,2022-09-22 05:50:35,60.3071,54.3241,48.97,69,11,4.94,few clouds
32,Ribeira Grande,PT,2022-09-22 05:42:59,38.5167,-28.7,74.3,85,33,11.59,light rain
33,Tigil,RU,2022-09-22 05:50:36,57.8,158.6667,45.21,64,19,28.63,few clouds
34,Najran,SA,2022-09-22 05:50:36,17.4924,44.1277,84.85,22,41,7.63,scattered clouds
35,Port Lincoln,AU,2022-09-22 05:50:36,-34.7333,135.8667,62.76,61,77,4.45,broken clouds
36,Wangqing,CN,2022-09-22 05:50:37,43.3218,129.7634,67.93,53,72,12.28,broken clouds
37,Punta Arenas,CL,2022-09-22 05:42:35,-53.15,-70.9167,46.51,76,75,14.97,broken clouds
38,Upernavik,GL,2022-09-22 05:42:52,72.7868,-56.1549,29.95,75,75,6.78,broken clouds
39,Saint-Philippe,RE,2022-09-22 05:43:58,-21.3585,55.7679,76.59,72,37,11.1,scattered clouds
40,Bulolo,PG,2022-09-22 05:50:38,-7.2,146.65,70.99,98,100,1.03,overcast clouds
41,Bluff,NZ,2022-09-22 05:43:23,-46.6,168.3333,55.8,72,25,0.31,scattered clouds
42,Grindavik,IS,2022-09-22 05:50:38,63.8424,-22.4338,48.15,100,75,6.91,broken clouds
43,Kraliky,CZ,2022-09-22 05:50:39,50.0838,16.7605,44.44,98,63,3.76,broken clouds
44,Vila Do Maio,CV,2022-09-22 05:50:39,15.1333,-23.2167,79.59,79,87,16.37,overcast clouds
45,Nome,US,2022-09-22 05:47:36,64.5011,-165.4064,44.67,82,100,24.16,light rain
46,Lusambo,CD,2022-09-22 05:50:40,-4.9667,23.45,71.62,92,100,1.97,overcast clouds
47,Dikson,RU,2022-09-22 05:43:26,73.5069,80.5464,28.27,79,100,24.87,overcast clouds
48,Nouadhibou,MR,2022-09-22 05:42:59,20.931,-17.0347,76.98,73,85,11.5,overcast clouds
49,Sabang,ID,2022-09-22 05:50:42,5.8933,95.3214,81.86,75,100,19.75,overcast clouds
50,Ilulissat,GL,2022-09-22 05:49:55,69.2167,-51.1,33.82,86,100,3.44,overcast clouds
51,Bundaberg,AU,2022-09-22 05:50:43,-24.85,152.35,72.21,96,75,11.5,broken clouds
52,Hermanus,ZA,2022-09-22 05:50:43,-34.4187,19.2345,57.97,59,28,10.29,scattered clouds
53,Sindgi,IN,2022-09-22 05:50:43,16.9167,76.2333,73.13,77,100,9.89,overcast clouds
54,Avera,US,2022-09-22 05:50:44,33.194,-82.5271,69.31,63,0,2.55,clear sky
55,Ziro,IN,2022-09-22 05:50:44,27.6333,93.8333,57.94,82,67,3.56,broken clouds
56,Srednekolymsk,RU,2022-09-22 05:50:45,67.45,153.6833,41.05,69,100,6.35,overcast clouds
57,Butaritari,KI,2022-09-22 05:42:42,3.0707,172.7902,81.97,70,92,6.02,overcast clouds
58,Qaanaaq,GL,2022-09-22 05:43:20,77.484,-69.3632,22.78,65,93,8.21,overcast clouds
59,Kaitangata,NZ,2022-09-22 05:43:11,-46.2817,169.8464,50.74,85,15,4.29,few clouds
60,Mirante Do Paranapanema,BR,2022-09-22 05:50:46,-22.2919,-51.9064,67.46,98,58,2.53,broken clouds
61,Bandarbeyla,SO,2022-09-22 05:50:46,9.4942,50.8122,85.3,60,52,22.53,broken clouds
62,Crixas,BR,2022-09-22 05:50:47,-14.5489,-49.9692,78.26,60,32,3.65,scattered clouds
63,Bathsheba,BB,2022-09-22 05:44:22,13.2167,-59.5167,83.01,78,40,16.11,scattered clouds
64,Progreso,MX,2022-09-22 05:50:47,21.2833,-89.6667,77.52,83,7,4.94,clear sky
65,Tenamaxtlan,MX,2022-09-22 05:50:48,20.2167,-104.1667,64.6,86,100,0.92,overcast clouds
66,Jiaxing,CN,2022-09-22 05:50:48,30.7522,120.75,76.71,69,87,4.21,overcast clouds
67,Balkanabat,TM,2022-09-22 05:42:31,39.5108,54.3671,93.27,11,0,15.26,clear sky
68,Ukiah,US,2022-09-22 05:50:49,39.1502,-123.2078,60.69,82,0,0.0,clear sky
69,Biloela,AU,2022-09-22 05:50:49,-24.4167,150.5,84.15,37,48,5.88,scattered clouds
70,Treinta Y Tres,UY,2022-09-22 05:50:49,-33.2333,-54.3833,47.14,88,100,6.22,moderate rain
71,Koutiala,ML,2022-09-22 05:50:50,12.3917,-5.4642,71.49,95,68,5.06,broken clouds
72,Faanui,PF,2022-09-22 05:50:50,-16.4833,-151.75,78.37,75,3,19.77,light rain
73,Meulaboh,ID,2022-09-22 05:50:51,4.1363,96.1285,85.46,56,73,3.87,broken clouds
74,Bredasdorp,ZA,2022-09-22 05:42:46,-34.5322,20.0403,56.44,66,59,5.08,broken clouds
75,Vaini,TO,2022-09-22 05:42:31,-21.2,-175.2,78.96,78,75,8.05,broken clouds
76,Asyut,EG,2022-09-22 05:47:46,27.181,31.1837,75.38,29,0,2.26,clear sky
77,Muzhi,RU,2022-09-22 05:50:52,65.3667,64.6667,43.0,61,80,25.61,broken clouds
78,Mantua,IT,2022-09-22 05:50:52,45.1667,10.7833,56.44,85,5,1.01,clear sky
79,Pevek,RU,2022-09-22 05:42:48,69.7008,170.3133,37.96,78,11,15.19,few clouds
80,Jamestown,US,2022-09-22 05:39:34,42.097,-79.2353,68.05,70,20,14.97,few clouds
81,Brisbane,AU,2022-09-22 05:47:55,-27.4679,153.0281,71.17,75,75,6.91,broken clouds
82,Cayenne,GF,2022-09-22 05:50:53,4.9333,-52.3333,71.64,100,0,0.0,clear sky
83,Lata,PT,2022-09-22 05:50:11,40.1629,-8.3327,62.92,89,0,2.19,clear sky
84,Walvis Bay,NA,2022-09-22 05:50:54,-22.9575,14.5053,57.09,82,0,8.05,clear sky
85,Lebu,CL,2022-09-22 05:42:37,-37.6167,-73.65,47.59,85,100,8.59,overcast clouds
86,Dunedin,NZ,2022-09-22 05:39:02,-45.8742,170.5036,51.8,81,9,10.36,clear sky
87,Araouane,ML,2022-09-22 05:50:55,18.9048,-3.5265,86.81,50,14,4.97,few clouds
88,Chapais,CA,2022-09-22 05:48:03,49.7834,-74.8492,51.58,93,75,10.98,broken clouds
89,Cabedelo,BR,2022-09-22 05:47:27,-6.9811,-34.8339,75.87,83,26,9.73,scattered clouds
90,Tasiilaq,GL,2022-09-22 05:44:19,65.6145,-37.6368,32.16,58,11,4.21,few clouds
91,Turayf,SA,2022-09-22 05:48:33,31.6725,38.6637,64.65,88,0,9.22,clear sky
92,Boende,CD,2022-09-22 05:50:56,-0.2167,20.8667,70.77,94,100,0.98,overcast clouds
93,New Norfolk,AU,2022-09-22 05:41:24,-42.7826,147.0587,68.9,42,52,2.33,broken clouds
94,Port Elizabeth,ZA,2022-09-22 05:43:57,-33.918,25.5701,64.31,70,0,4.61,clear sky
95,Hobart,AU,2022-09-22 05:42:21,-42.8794,147.3294,69.26,72,75,9.22,broken clouds
96,Johnstown,US,2022-09-22 05:50:47,40.3267,-78.922,75.54,80,20,13.8,few clouds
97,Leshukonskoye,RU,2022-09-22 05:50:58,64.8989,45.7622,41.34,83,96,7.0,overcast clouds
98,Inuvik,CA,2022-09-22 05:50:58,68.3499,-133.7218,41.76,81,75,8.05,broken clouds
99,Avarua,CK,2022-09-22 05:43:17,-21.2078,-159.775,73.45,78,75,16.11,broken clouds
100,Anadyr,RU,2022-09-22 05:50:59,64.75,177.4833,41.5,93,75,6.71,light rain
101,Platanos,GR,2022-09-22 05:50:59,37.6667,21.6167,65.08,53,47,2.84,scattered clouds
102,Richmond,US,2022-09-22 05:50:38,37.5538,-77.4603,73.15,86,20,4.61,few clouds
103,Rodionovo-Nesvetayskaya,RU,2022-09-22 05:51:00,47.6103,39.7121,56.55,44,85,7.4,overcast clouds
104,Nemuro,JP,2022-09-22 05:51:00,43.3236,145.575,59.79,64,29,11.12,scattered clouds
105,Aswan,EG,2022-09-22 05:42:50,24.0934,32.907,79.9,34,0,4.61,clear sky
106,Karratha,AU,2022-09-22 05:51:01,-20.7377,116.8463,87.01,26,1,11.81,clear sky
107,Yar-Sale,RU,2022-09-22 05:51:01,66.8333,70.8333,37.4,78,96,31.85,light rain
108,Ushuaia,AR,2022-09-22 05:51:02,-54.8,-68.3,46.06,66,75,6.91,broken clouds
109,Hofn,IS,2022-09-22 05:51:02,64.2539,-15.2082,50.13,76,96,4.76,overcast clouds
110,Oda,JP,2022-09-22 05:51:03,35.1833,132.5,74.17,65,84,7.52,broken clouds
111,Atuona,PF,2022-09-22 05:43:04,-9.8,-139.0333,76.37,81,37,21.54,light rain
112,Rundu,NA,2022-09-22 05:51:04,-17.9333,19.7667,65.5,8,0,6.93,clear sky
113,Sao Filipe,CV,2022-09-22 05:42:45,14.8961,-24.4956,77.63,81,82,11.5,broken clouds
114,San Cristobal,VE,2022-09-22 05:51:04,7.7669,-72.225,69.98,98,100,1.97,overcast clouds
115,Ahero,KE,2022-09-22 05:51:05,-0.1746,34.9163,71.58,57,88,3.71,overcast clouds
116,Beoumi,CI,2022-09-22 05:51:05,7.6736,-5.5764,69.55,98,88,3.78,overcast clouds
117,Hithadhoo,MV,2022-09-22 05:51:06,-0.6,73.0833,81.97,71,42,6.51,scattered clouds
118,Rio Gallegos,AR,2022-09-22 05:40:59,-51.6226,-69.2181,44.65,70,75,5.75,broken clouds
119,Changping,CN,2022-09-22 05:51:06,40.2186,116.2197,80.24,14,6,14.41,clear sky
120,Keti Bandar,PK,2022-09-22 05:51:07,24.1447,67.4497,85.03,62,42,16.02,scattered clouds
121,Bengkulu,ID,2022-09-22 05:43:55,-3.8004,102.2655,81.46,74,83,9.89,broken clouds
122,Elko,US,2022-09-22 05:40:58,41.0002,-115.5012,53.64,41,33,3.0,scattered clouds
123,Nanortalik,GL,2022-09-22 05:43:19,60.1432,-45.2371,43.02,95,73,3.06,broken clouds
124,Clyde River,CA,2022-09-22 05:41:17,70.4692,-68.5914,30.43,86,100,24.16,overcast clouds
125,Tuktoyaktuk,CA,2022-09-22 05:42:50,69.4541,-133.0374,35.6,93,100,6.91,mist
126,San Quintin,MX,2022-09-22 05:51:09,30.4833,-115.95,70.05,78,14,13.6,few clouds
127,Dingle,PH,2022-09-22 05:51:09,10.9995,122.6711,86.95,69,97,5.77,overcast clouds
128,Popondetta,PG,2022-09-22 05:51:09,-8.7537,148.2534,79.84,87,99,4.07,light rain
129,Wajima,JP,2022-09-22 05:51:10,37.4,136.9,72.28,83,0,2.3,clear sky
130,Castro,BR,2022-09-22 05:39:51,-24.7911,-50.0119,58.84,98,99,2.57,overcast clouds
131,Quang Ngai,VN,2022-09-22 05:48:37,15.1167,108.8,83.75,76,100,6.69,moderate rain
132,Talnakh,RU,2022-09-22 05:51:11,69.4865,88.3972,38.21,99,100,8.3,moderate rain
133,Brae,GB,2022-09-22 05:51:12,60.3964,-1.353,55.96,94,100,19.1,overcast clouds
134,Vardo,NO,2022-09-22 05:43:45,70.3705,31.1107,46.98,90,99,9.6,overcast clouds
135,Hamilton,US,2022-09-22 05:51:12,39.1834,-84.5333,75.09,83,0,6.91,clear sky
136,Varkaus,FI,2022-09-22 05:51:13,62.3153,27.873,43.3,74,89,2.42,overcast clouds
137,Albany,US,2022-09-22 05:41:10,42.6001,-73.9662,68.72,86,97,4.65,overcast clouds
138,Soroti,UG,2022-09-22 05:51:13,1.7146,33.6111,71.73,72,99,3.44,overcast clouds
139,Bambous Virieux,MU,2022-09-22 05:43:08,-20.3428,57.7575,76.21,78,75,13.8,broken clouds
140,Mar Del Plata,AR,2022-09-22 05:42:42,-38.0023,-57.5575,52.95,77,0,8.99,clear sky
141,Victoria,HK,2022-09-22 05:43:09,22.2855,114.1577,91.45,76,37,7.0,scattered clouds
142,Plettenberg Bay,ZA,2022-09-22 05:51:15,-34.0527,23.3716,66.85,43,45,6.85,scattered clouds
143,Calabozo,VE,2022-09-22 05:51:16,8.9242,-67.4293,73.2,93,100,2.8,overcast clouds
144,The Pas,CA,2022-09-22 05:51:16,53.8251,-101.2541,35.62,93,0,3.44,clear sky
145,Torbat-E Jam,IR,2022-09-22 05:51:17,35.244,60.6225,82.4,12,0,4.68,clear sky
146,Pacific Grove,US,2022-09-22 05:51:18,36.6177,-121.9166,62.71,87,0,4.61,clear sky
147,Adrar,MR,2022-09-22 05:51:18,20.5022,-10.0711,85.8,48,99,12.55,overcast clouds
148,Fairbanks,US,2022-09-22 05:47:06,64.8378,-147.7164,41.59,92,100,3.44,light rain
149,Kasongo-Lunda,CD,2022-09-22 05:51:19,-6.4667,16.8167,71.44,93,99,3.04,moderate rain
150,Puerto Narino,CO,2022-09-22 05:51:19,-3.7703,-70.3831,72.3,90,28,1.97,scattered clouds
151,Nyuksenitsa,RU,2022-09-22 05:51:20,60.4128,44.2397,45.36,85,59,5.5,broken clouds
152,Kodiak,US,2022-09-22 05:42:46,57.79,-152.4072,51.31,50,20,5.75,few clouds
153,Coos Bay,US,2022-09-22 05:51:21,43.3665,-124.2179,60.78,94,100,4.61,overcast clouds
154,Neiafu,TO,2022-09-22 05:51:21,-18.65,-173.9833,79.48,83,20,11.5,few clouds
155,Kasongo,CD,2022-09-22 05:51:22,-4.45,26.6667,73.74,79,100,1.88,overcast clouds
156,Faya,SA,2022-09-22 05:51:22,18.3851,42.4509,68.52,30,75,7.99,broken clouds
157,Ongandjera,NA,2022-09-22 05:51:23,-17.8833,15.0667,64.87,31,4,5.19,clear sky
158,Harper,LR,2022-09-22 05:51:23,4.375,-7.7169,74.93,88,61,4.56,broken clouds
159,Bondo,CD,2022-09-22 05:51:24,3.8146,23.6866,71.76,97,96,0.6,overcast clouds
160,Saint George,US,2022-09-22 05:51:02,37.1041,-113.5841,79.39,42,0,10.36,clear sky
161,Sur,OM,2022-09-22 05:43:12,22.5667,59.5289,89.42,52,0,1.61,clear sky
162,Belmonte,BR,2022-09-22 05:51:25,-15.8631,-38.8828,71.76,87,71,7.94,broken clouds
163,Ahipara,NZ,2022-09-22 05:48:59,-35.1667,173.1667,57.16,83,12,7.07,few clouds
164,Alofi,NU,2022-09-22 05:43:30,-19.0595,-169.9187,76.89,83,38,10.36,scattered clouds
165,Mount Isa,AU,2022-09-22 05:43:55,-20.7333,139.5,85.77,17,97,4.61,overcast clouds
166,Harnosand,SE,2022-09-22 05:51:26,62.6323,17.9379,37.42,67,91,4.9,overcast clouds
167,Kalemie,CD,2022-09-22 05:51:26,-5.9475,29.1947,76.87,65,89,6.91,overcast clouds
168,Chakulia,IN,2022-09-22 05:51:27,22.4833,86.7167,87.55,67,40,8.72,scattered clouds
169,Pamanukan,ID,2022-09-22 05:51:27,-6.2842,107.8106,86.77,58,100,3.67,overcast clouds
170,Wattegama,LK,2022-09-22 05:51:28,6.7989,81.4808,95.61,35,61,3.56,broken clouds
171,Vila Franca Do Campo,PT,2022-09-22 05:43:43,37.7167,-25.4333,68.41,90,53,2.48,broken clouds
172,Loanda,AO,2022-09-22 05:51:28,-8.8368,13.2343,71.6,88,75,4.61,broken clouds
173,Hatillo,PR,2022-09-22 05:51:29,18.4863,-66.8254,79.38,88,99,3.49,overcast clouds
174,Rosetta,EG,2022-09-22 05:51:29,31.4044,30.4164,76.05,63,0,4.21,clear sky
175,Perbaungan,ID,2022-09-22 05:51:30,3.5679,98.956,86.11,83,100,5.91,overcast clouds
176,Georgetown,MY,2022-09-22 05:38:36,5.4112,100.3354,83.89,74,20,8.05,few clouds
177,Komsomolskiy,UZ,2022-09-22 05:43:07,40.4272,71.7189,83.12,26,0,4.61,clear sky
178,Aanekoski,FI,2022-09-22 05:47:58,62.6946,25.818,30.27,71,88,4.18,overcast clouds
179,Havoysund,NO,2022-09-22 05:51:31,70.9963,24.6622,50.23,97,100,16.44,overcast clouds
180,Jijiga,ET,2022-09-22 05:51:31,9.35,42.8,71.58,59,76,12.75,light rain
181,Zhezkazgan,KZ,2022-09-22 05:51:32,47.8043,67.7144,73.38,21,0,8.95,clear sky
182,Sindor,RU,2022-09-22 05:51:32,62.8629,51.8905,44.15,75,3,2.51,clear sky
183,Husavik,IS,2022-09-22 05:51:33,66.0449,-17.3389,42.91,96,100,11.16,overcast clouds
184,Nikolskoye,RU,2022-09-22 05:42:34,59.7035,30.7861,48.78,93,60,2.17,broken clouds
185,Xichang,CN,2022-09-22 05:51:33,27.8964,102.2634,68.88,85,98,6.11,overcast clouds
186,Caxito,AO,2022-09-22 05:51:34,-8.5785,13.6643,73.09,81,99,2.42,overcast clouds
187,Hilo,US,2022-09-22 05:40:35,19.7297,-155.09,78.53,83,75,1.99,broken clouds
188,Isangel,VU,2022-09-22 05:51:36,-19.55,169.2667,76.41,80,57,10.33,broken clouds
189,Ganzhou,CN,2022-09-22 05:51:36,28.8184,115.4327,81.99,49,88,3.78,overcast clouds
190,Orlovskiy,RU,2022-09-22 05:51:36,46.8714,42.0592,59.02,84,100,2.28,overcast clouds
191,Port Hawkesbury,CA,2022-09-22 05:51:37,45.6169,-61.3485,62.82,100,100,2.3,overcast clouds
192,Saraland,US,2022-09-22 05:51:37,30.8207,-88.0706,78.24,86,18,1.54,few clouds
193,Ouadda,CF,2022-09-22 05:51:38,8.0777,22.4007,72.82,87,39,2.42,scattered clouds
194,Along,IN,2022-09-22 05:51:38,28.1667,94.7667,83.19,82,56,2.53,broken clouds
195,Jinchang,CN,2022-09-22 05:51:39,38.4953,102.1739,69.12,20,35,9.08,scattered clouds
196,Lasa,IT,2022-09-22 05:43:27,46.6166,10.7002,47.28,64,16,3.11,few clouds
197,College,US,2022-09-22 05:51:40,64.8569,-147.8028,41.58,91,100,3.44,light rain
198,Teya,RU,2022-09-22 05:51:40,60.3778,92.6267,50.94,91,93,8.81,overcast clouds
199,Carnarvon,AU,2022-09-22 05:44:11,-24.8667,113.6333,70.79,56,0,16.24,clear sky
200,Tiksi,RU,2022-09-22 05:42:40,71.6872,128.8694,33.71,90,99,11.32,overcast clouds
201,Porto Novo,BJ,2022-09-22 05:50:10,6.4965,2.6036,73.99,93,100,4.09,light rain
202,Lagunas,PE,2022-09-22 05:51:41,-5.2269,-75.6753,76.19,70,12,2.39,few clouds
203,Acarau,BR,2022-09-22 05:46:54,-2.8856,-40.12,77.79,76,14,15.79,few clouds
204,Severo-Kurilsk,RU,2022-09-22 05:42:39,50.6789,156.125,52.5,67,0,14.05,clear sky
205,Natal,BR,2022-09-22 05:51:42,-5.795,-35.2094,79.02,83,40,6.91,scattered clouds
206,Santa Maria,BR,2022-09-22 05:50:25,-29.6842,-53.8069,55.69,96,90,4.23,overcast clouds
207,Sokoni,TZ,2022-09-22 05:51:43,-6.4333,39.55,76.14,72,83,9.33,broken clouds
208,Tual,ID,2022-09-22 05:51:44,-5.6667,132.75,78.6,83,100,8.9,moderate rain
209,Jumla,NP,2022-09-22 05:51:44,29.2747,82.1838,72.55,61,42,5.21,scattered clouds
210,Kavieng,PG,2022-09-22 05:44:18,-2.5744,150.7967,83.25,72,42,13.87,scattered clouds
211,Khurda,IN,2022-09-22 05:51:45,20.1833,85.6167,87.71,61,73,4.92,broken clouds
212,Ahuimanu,US,2022-09-22 05:51:45,21.4447,-157.8378,80.31,69,75,8.05,broken clouds
213,Nikki,BJ,2022-09-22 05:51:46,9.9401,3.2108,71.1,95,100,2.28,overcast clouds
214,Sinjai,ID,2022-09-22 05:51:46,-5.1241,120.253,85.62,64,70,8.23,light rain
215,Placerville,US,2022-09-22 05:51:47,38.7296,-120.7986,59.41,82,0,8.05,clear sky
216,Kudahuvadhoo,MV,2022-09-22 05:51:47,2.6708,72.8944,82.53,70,25,6.26,scattered clouds
217,Santa Rosa,PH,2022-09-22 05:51:48,14.3122,121.1114,83.1,73,100,8.21,moderate rain
218,Russell,US,2022-09-22 05:51:48,32.3502,-85.1999,74.43,100,0,0.0,mist
219,Salalah,OM,2022-09-22 05:43:40,17.0151,54.0924,82.49,74,75,5.75,broken clouds
220,Camana,PE,2022-09-22 05:51:49,-16.6228,-72.7111,59.2,86,98,9.37,overcast clouds
221,Ust-Tsilma,RU,2022-09-22 05:51:49,65.441,52.1498,41.65,79,87,9.06,overcast clouds
222,Fortuna,US,2022-09-22 05:48:21,40.5982,-124.1573,57.65,88,36,3.53,scattered clouds
223,Ixtapa,MX,2022-09-22 05:39:45,20.7,-105.2,78.22,89,100,1.01,overcast clouds
224,Tessalit,ML,2022-09-22 05:51:50,20.1986,1.0114,83.95,42,46,5.48,scattered clouds
225,Morgantown,US,2022-09-22 05:47:10,39.6295,-79.9559,71.22,93,100,3.44,moderate rain
226,Coquimbo,CL,2022-09-22 05:47:20,-29.9533,-71.3436,51.53,57,0,8.05,clear sky
227,Selizharovo,RU,2022-09-22 05:51:51,56.8519,33.4487,47.34,89,100,7.45,overcast clouds
228,Inhambane,MZ,2022-09-22 05:42:56,-23.865,35.3833,71.58,94,40,0.0,scattered clouds
229,Nata,PA,2022-09-22 05:51:53,8.3333,-80.5167,74.1,95,81,4.85,broken clouds
230,Souris,CA,2022-09-22 05:51:53,49.6172,-100.2612,33.66,85,15,2.08,few clouds
231,Maarianhamina,AX,2022-09-22 05:51:54,60.0973,19.9348,33.66,100,0,1.14,clear sky
232,Noumea,NC,2022-09-22 05:47:59,-22.2763,166.4572,76.98,79,32,15.79,scattered clouds
233,Portland,US,2022-09-22 05:51:55,45.5234,-122.6762,69.42,71,100,5.99,overcast clouds
234,Norman Wells,CA,2022-09-22 05:44:25,65.282,-126.8329,48.24,81,100,5.75,overcast clouds
235,Mayo,US,2022-09-22 05:51:56,38.8876,-76.5119,75.13,85,0,3.44,clear sky
236,Sechura,PE,2022-09-22 05:44:11,-5.5569,-80.8222,61.25,87,65,10.2,broken clouds
237,Merauke,ID,2022-09-22 05:51:57,-8.4667,140.3333,82.17,80,91,7.2,overcast clouds
238,Serramanna,IT,2022-09-22 05:48:44,39.4244,8.9244,64.65,100,20,2.3,few clouds
239,Palana,RU,2022-09-22 05:51:57,59.1167,159.9667,41.95,70,43,37.87,scattered clouds
240,Cap Malheureux,MU,2022-09-22 05:51:58,-19.9842,57.6142,76.46,67,6,14.0,clear sky
241,Orotukan,RU,2022-09-22 05:42:51,62.2667,151.7,32.32,90,100,10.18,light snow
242,Saskylakh,RU,2022-09-22 05:42:48,71.9167,114.0833,27.91,81,94,4.45,overcast clouds
243,Lima,PE,2022-09-22 05:51:58,-12.0432,-77.0282,59.9,84,100,5.75,overcast clouds
244,Kingaroy,AU,2022-09-22 05:51:59,-26.5333,151.8333,71.15,58,65,4.32,broken clouds
245,Guerrero Negro,MX,2022-09-22 05:41:44,27.9769,-114.0611,72.46,78,78,9.44,broken clouds
246,Iki-Burul,RU,2022-09-22 05:51:59,45.8208,44.6472,69.37,66,93,10.07,overcast clouds
247,Mungwi,ZM,2022-09-22 05:52:00,-10.1732,31.3694,70.97,41,60,6.69,broken clouds
248,Brugg,CH,2022-09-22 05:52:00,47.481,8.2087,45.12,88,59,2.35,broken clouds
249,Novobiryusinskiy,RU,2022-09-22 05:52:01,56.9578,97.7076,62.78,58,100,11.59,overcast clouds
250,Nyurba,RU,2022-09-22 05:44:21,63.2842,118.3319,38.37,44,14,5.82,few clouds
251,Mahebourg,MU,2022-09-22 05:42:44,-20.4081,57.7,76.24,78,75,13.8,broken clouds
252,Klaksvik,FO,2022-09-22 05:44:02,62.2266,-6.589,50.92,88,18,22.1,few clouds
253,Uarini,BR,2022-09-22 05:52:02,-2.99,-65.1083,73.44,82,44,2.17,scattered clouds
254,Iqaluit,CA,2022-09-22 05:43:07,63.7506,-68.5145,35.33,69,100,13.8,overcast clouds
255,Botwood,CA,2022-09-22 05:52:02,49.1499,-55.3482,55.9,94,100,11.97,overcast clouds
256,Wawa,NG,2022-09-22 05:52:03,9.9022,4.4192,72.19,93,100,0.98,overcast clouds
257,Manadhoo,MV,2022-09-22 05:52:03,5.7667,73.3833,81.91,73,5,5.73,clear sky
258,Kidal,ML,2022-09-22 05:52:04,18.4411,1.4078,84.4,48,56,8.77,broken clouds
259,Souillac,MU,2022-09-22 05:42:40,-20.5167,57.5167,75.58,78,75,13.8,broken clouds
260,Tombouctou,ML,2022-09-22 05:52:05,20.0,-3.0,86.4,47,4,6.46,clear sky
261,Masallatah,LY,2022-09-22 05:52:05,32.6167,14.0,72.81,75,68,0.6,broken clouds
262,Staryy Nadym,RU,2022-09-22 05:52:06,65.6118,72.6842,39.11,73,95,31.63,overcast clouds
263,Praia Da Vitoria,PT,2022-09-22 05:52:06,38.7333,-27.0667,71.76,94,0,4.5,clear sky
264,Santa Fe,AR,2022-09-22 05:50:09,-31.6333,-60.7,52.02,73,93,5.01,overcast clouds
265,Ndago,TZ,2022-09-22 05:52:07,-4.6,34.35,71.02,48,81,10.69,broken clouds
266,Binga,ZW,2022-09-22 05:52:07,-17.6203,27.3414,80.65,34,39,4.54,scattered clouds
267,Kachug,RU,2022-09-22 05:52:08,53.9606,105.8817,51.91,34,94,7.49,overcast clouds
268,Tiznit,MA,2022-09-22 05:42:55,29.5833,-9.5,66.69,63,0,1.48,clear sky
269,Chuy,UY,2022-09-22 05:43:11,-33.6971,-53.4616,50.2,89,100,6.53,overcast clouds
270,Birjand,IR,2022-09-22 05:44:12,32.8663,59.2211,79.27,11,0,0.0,clear sky
271,Port-Gentil,GA,2022-09-22 05:52:10,-0.7193,8.7815,76.96,88,40,9.22,scattered clouds
272,Hurricane,US,2022-09-22 05:52:10,37.1753,-113.2899,77.47,63,44,1.77,scattered clouds
273,Benguela,AO,2022-09-22 05:52:10,-12.5763,13.4055,72.7,80,40,0.34,scattered clouds
274,Ostrovnoy,RU,2022-09-22 05:48:12,68.0531,39.5131,44.2,77,100,15.3,overcast clouds
275,Port-Cartier,CA,2022-09-22 05:52:12,50.0334,-66.8654,50.22,98,100,4.07,overcast clouds
276,Alice Springs,AU,2022-09-22 05:43:48,-23.7,133.8833,85.55,16,0,5.75,clear sky
277,Nishihara,JP,2022-09-22 05:52:13,26.1842,127.7558,87.46,72,40,11.5,scattered clouds
278,Saldanha,ZA,2022-09-22 05:42:38,-33.0117,17.9442,41.05,80,22,9.01,few clouds
279,Kesova Gora,RU,2022-09-22 05:52:13,57.5836,37.2922,45.99,96,100,8.7,overcast clouds
280,Flinders,AU,2022-09-22 05:44:14,-34.5833,150.8552,62.38,88,100,11.07,overcast clouds
281,Rawson,AR,2022-09-22 05:44:30,-43.3002,-65.1023,44.29,90,7,4.65,clear sky
282,Hovd,MN,2022-09-22 05:52:14,48.0056,91.6419,64.0,26,0,5.32,clear sky
283,Nova Olinda Do Norte,BR,2022-09-22 05:52:15,-3.8881,-59.0942,77.29,46,43,2.35,scattered clouds
284,Seydi,TM,2022-09-22 05:52:15,39.4816,62.9137,91.72,8,0,12.17,clear sky
285,Hasaki,JP,2022-09-22 05:44:19,35.7333,140.8333,73.29,82,98,19.13,overcast clouds
286,Yaan,NG,2022-09-22 05:52:16,7.3833,8.5667,72.21,97,100,3.98,overcast clouds
287,Hobyo,SO,2022-09-22 05:48:02,5.3505,48.5268,81.09,73,84,15.35,broken clouds
288,Katsuura,JP,2022-09-22 05:42:52,35.1333,140.3,73.42,80,100,19.64,overcast clouds
289,Waddan,LY,2022-09-22 05:52:17,29.1614,16.139,75.09,79,7,3.71,clear sky
290,Muravlenko,RU,2022-09-22 05:52:18,63.7898,74.523,38.21,69,76,26.11,broken clouds
291,Sosnovo-Ozerskoye,RU,2022-09-22 05:52:18,52.5249,111.5418,48.88,38,19,13.89,few clouds
292,Samarai,PG,2022-09-22 05:43:18,-10.6167,150.6667,80.65,81,99,11.54,overcast clouds
293,Jalingo,NG,2022-09-22 05:52:19,8.8833,11.3667,74.44,91,96,1.77,overcast clouds
294,Barranca,PE,2022-09-22 05:52:20,-10.75,-77.7667,60.15,88,93,8.75,overcast clouds
295,Airai,TL,2022-09-22 05:43:33,-8.9266,125.4092,79.7,36,51,6.53,broken clouds
296,Tuatapere,NZ,2022-09-22 05:52:21,-46.1333,167.6833,51.64,74,22,4.99,few clouds
297,Luena,AO,2022-09-22 05:52:21,-11.7833,19.9167,69.78,56,63,3.36,broken clouds
298,Lompoc,US,2022-09-22 05:52:21,34.6391,-120.4579,62.6,93,0,10.36,clear sky
299,Kieta,PG,2022-09-22 05:52:22,-6.2167,155.6333,80.08,79,39,4.21,light rain
300,Nhulunbuy,AU,2022-09-22 05:52:22,-12.2333,136.7667,90.21,55,40,11.5,scattered clouds
301,Barcelona,ES,2022-09-22 05:52:23,41.3888,2.159,70.32,71,20,5.75,few clouds
302,Dan Khun Thot,TH,2022-09-22 05:52:23,15.2085,101.7714,91.33,64,85,6.17,overcast clouds
303,Bayji,IQ,2022-09-22 05:52:24,34.9311,43.487,89.87,26,96,15.3,overcast clouds
304,Khandyga,RU,2022-09-22 05:52:24,62.6667,135.6,34.74,66,100,5.99,overcast clouds
305,Paita,PE,2022-09-22 05:50:06,-5.0892,-81.1144,61.7,87,32,11.74,scattered clouds
306,Bluefield,US,2022-09-22 05:52:25,37.2698,-81.2223,63.14,91,9,6.06,clear sky
307,Blagoyevo,RU,2022-09-22 05:52:25,63.3667,47.9167,44.17,79,13,4.05,few clouds
308,Georgiyevskoye,RU,2022-09-22 05:52:26,58.731,45.024,46.44,92,98,6.82,overcast clouds
309,Pronsk,RU,2022-09-22 05:52:26,54.1048,39.6092,52.93,80,21,5.23,few clouds
310,Beaupre,CA,2022-09-22 05:52:26,47.0443,-70.8953,57.96,88,100,3.44,heavy intensity rain
311,Rafaela,AR,2022-09-22 05:52:27,-31.2503,-61.4867,44.98,62,79,1.99,broken clouds
312,Septemvri,BG,2022-09-22 05:52:28,42.2167,24.1,52.63,63,7,6.22,clear sky
313,Kavaratti,IN,2022-09-22 05:44:01,10.5669,72.642,81.05,72,6,8.05,clear sky
314,Boyolangu,ID,2022-09-22 05:52:28,-8.1181,111.8935,82.13,71,92,10.87,overcast clouds
315,Oistins,BB,2022-09-22 05:52:29,13.0667,-59.5333,82.49,78,40,16.11,scattered clouds
316,Comodoro Rivadavia,AR,2022-09-22 05:52:29,-45.8667,-67.5,44.46,76,0,4.61,clear sky
317,Viedma,AR,2022-09-22 05:50:27,-40.8135,-62.9967,44.38,87,100,6.69,overcast clouds
318,Sinnamary,GF,2022-09-22 05:44:22,5.3833,-52.95,77.81,85,6,10.0,clear sky
319,Kungurtug,RU,2022-09-22 05:52:30,50.5994,97.5228,60.21,32,67,2.42,broken clouds
320,Kihei,US,2022-09-22 05:52:30,20.785,-156.4656,80.62,75,40,14.97,scattered clouds
321,Mpika,ZM,2022-09-22 05:52:31,-11.8343,31.4529,69.48,47,40,10.18,scattered clouds
322,Trairi,BR,2022-09-22 05:52:32,-3.2778,-39.2689,77.77,75,36,11.36,scattered clouds
323,Elk City,US,2022-09-22 05:49:08,35.412,-99.4043,78.78,57,75,13.8,broken clouds
324,Chulman,RU,2022-09-22 05:52:33,56.8479,124.9104,38.28,93,99,7.99,light rain
325,Gorontalo,ID,2022-09-22 05:52:33,0.5412,123.0595,78.4,87,99,1.97,moderate rain
326,Cidreira,BR,2022-09-22 05:52:34,-30.1811,-50.2056,59.86,97,100,3.02,overcast clouds
327,Anuchino,RU,2022-09-22 05:52:34,43.9622,133.0544,67.82,42,1,8.79,clear sky
328,Prince Rupert,CA,2022-09-22 05:52:34,54.3161,-130.3201,55.09,97,100,6.91,fog
329,Kristiansund,NO,2022-09-22 05:52:35,63.1115,7.732,54.25,66,0,5.75,clear sky
330,Verkhnevilyuysk,RU,2022-09-22 05:52:35,63.4453,120.3167,38.62,48,80,7.29,broken clouds
331,Corsicana,US,2022-09-22 05:52:36,32.0954,-96.4689,81.16,68,0,0.0,clear sky
332,Upington,ZA,2022-09-22 05:52:36,-28.4478,21.2561,55.78,38,0,2.3,clear sky
333,Guabito,PA,2022-09-22 05:52:37,9.5,-82.6167,74.05,87,43,3.15,scattered clouds
334,Helena,US,2022-09-22 05:51:01,46.5927,-112.0361,54.59,85,100,4.61,overcast clouds
335,Kalmunai,LK,2022-09-22 05:52:37,7.4167,81.8167,87.44,60,55,4.83,broken clouds
336,Farmington,US,2022-09-22 05:50:17,36.7281,-108.2187,63.28,94,75,4.61,broken clouds
337,Ponta Do Sol,PT,2022-09-22 05:43:16,32.6667,-17.1,75.0,86,14,2.77,few clouds
338,Udimskiy,RU,2022-09-22 05:52:38,61.1417,45.9144,45.66,82,13,4.36,few clouds
339,Marystown,CA,2022-09-22 05:52:38,47.1666,-55.1483,54.86,100,100,1.99,overcast clouds
340,Nantucket,US,2022-09-22 05:52:39,41.2835,-70.0995,66.99,69,20,13.8,few clouds
341,Lishan,CN,2022-09-22 05:52:39,31.8576,113.2951,84.78,32,94,6.82,overcast clouds
342,Benalla,AU,2022-09-22 05:52:40,-36.55,145.9833,68.86,67,43,2.42,scattered clouds
343,Taoudenni,ML,2022-09-22 05:52:40,22.6783,-3.9836,89.01,38,4,7.65,clear sky
344,La Primavera,CO,2022-09-22 05:52:40,5.4906,-70.4092,75.31,90,93,0.56,overcast clouds
345,Priladozhskiy,RU,2022-09-22 05:52:41,59.85,31.4833,48.52,1,98,3.74,overcast clouds
346,Imbituba,BR,2022-09-22 05:51:04,-28.24,-48.6703,66.85,94,100,7.49,overcast clouds
347,Khowst,AF,2022-09-22 05:52:42,33.3833,69.8833,81.36,35,0,4.29,clear sky
348,Aleksandrovsk-Sakhalinskiy,RU,2022-09-22 05:52:42,50.8975,142.1561,61.56,63,6,17.09,clear sky
349,Ilhabela,BR,2022-09-22 05:52:42,-23.7781,-45.3581,66.13,97,100,2.15,overcast clouds
350,Yuli,NG,2022-09-22 05:52:43,9.6989,10.2744,74.05,90,53,2.35,broken clouds
351,Wenling,CN,2022-09-22 05:52:43,28.3669,121.36,77.47,67,83,7.07,broken clouds
352,Tefe,BR,2022-09-22 05:52:44,-3.3542,-64.7114,74.34,82,29,2.84,scattered clouds
353,Darhan,MN,2022-09-22 05:52:44,49.4867,105.9228,52.66,31,28,4.88,scattered clouds
354,The Valley,AI,2022-09-22 05:52:44,18.217,-63.0578,83.1,80,93,20.04,overcast clouds
355,Tommot,RU,2022-09-22 05:52:45,58.9564,126.2925,36.84,90,100,7.45,light rain
356,Seredka,RU,2022-09-22 05:52:45,58.1584,28.1858,47.95,88,57,4.94,broken clouds
357,Mecca,SA,2022-09-22 05:43:13,21.4267,39.8261,92.66,13,0,10.0,clear sky
358,Mae Sot,TH,2022-09-22 05:52:46,16.7167,98.5667,87.75,74,40,5.75,scattered clouds
359,Constitucion,CL,2022-09-22 05:49:24,-35.3333,-72.4167,45.61,74,8,6.62,clear sky
360,Vestmannaeyjar,IS,2022-09-22 05:52:47,63.4427,-20.2734,51.15,84,100,12.19,overcast clouds
361,Ketchikan,US,2022-09-22 05:52:47,55.3422,-131.6461,55.87,88,75,4.61,broken clouds
362,Narsaq,GL,2022-09-22 05:43:56,60.9167,-46.05,37.62,62,96,6.08,overcast clouds
363,Jinxiang,CN,2022-09-22 05:52:48,27.4327,120.6062,78.08,68,75,7.56,broken clouds
364,Seymchan,RU,2022-09-22 05:52:48,62.8833,152.4333,35.33,94,100,2.37,light snow
365,Ulaanbaatar,MN,2022-09-22 05:48:01,47.9077,106.8832,41.13,52,20,8.95,few clouds
366,Puerto Colombia,CO,2022-09-22 05:52:49,10.9878,-74.9547,78.89,78,98,4.14,overcast clouds
367,Luanda,AO,2022-09-22 05:50:01,-8.8368,13.2343,71.6,88,75,4.61,broken clouds
368,Cabo San Lucas,MX,2022-09-22 05:43:49,22.8909,-109.9124,80.06,87,21,1.99,few clouds
369,Lazaro Cardenas,MX,2022-09-22 05:48:41,17.9583,-102.2,76.3,86,99,3.04,overcast clouds
370,Mount Gambier,AU,2022-09-22 05:43:39,-37.8333,140.7667,57.11,82,100,3.44,overcast clouds
371,Yasnogorsk,RU,2022-09-22 05:52:51,54.4803,37.6975,51.57,85,21,6.08,few clouds
372,Minggang,CN,2022-09-22 05:52:51,32.4586,114.0486,85.42,31,98,7.65,overcast clouds
373,Hailey,US,2022-09-22 05:52:52,43.5196,-114.3153,50.88,75,74,0.69,broken clouds
374,Hambantota,LK,2022-09-22 05:52:52,6.1241,81.1185,89.94,58,20,18.41,few clouds
375,Vangaindrano,MG,2022-09-22 05:52:54,-23.35,47.6,70.38,85,96,9.1,light rain
376,Mitu,CO,2022-09-22 05:53:01,1.1983,-70.1733,72.27,98,98,2.44,overcast clouds
377,Luderitz,NA,2022-09-22 05:43:55,-26.6481,15.1594,58.84,51,0,7.23,clear sky
378,Kuching,MY,2022-09-22 05:52:17,1.55,110.3333,91.62,55,40,4.61,scattered clouds
379,Muros,ES,2022-09-22 05:53:04,42.7762,-9.0603,53.83,87,56,4.74,broken clouds
380,Corn Island,NI,2022-09-22 05:53:04,12.1694,-83.0418,82.58,75,84,13.91,broken clouds
381,Veraval,IN,2022-09-22 05:53:05,20.9,70.3667,82.54,69,39,11.83,scattered clouds
382,Naze,JP,2022-09-22 05:53:05,28.3667,129.4833,83.32,82,20,12.64,few clouds
383,Pangnirtung,CA,2022-09-22 05:53:06,66.1451,-65.7125,31.75,74,91,1.3,overcast clouds
384,Evensk,RU,2022-09-22 05:44:15,61.95,159.2333,44.78,52,84,9.86,broken clouds
385,Moron,AR,2022-09-22 05:53:06,-34.6534,-58.6198,55.09,80,97,2.26,overcast clouds
386,Tabou,CI,2022-09-22 05:53:07,4.423,-7.3528,74.5,89,58,3.36,broken clouds
387,Port Blair,IN,2022-09-22 05:49:16,11.6667,92.75,84.24,70,75,8.05,broken clouds
388,Key Largo,US,2022-09-22 05:53:04,25.0865,-80.4473,80.98,70,17,3.91,few clouds
389,Ballina,AU,2022-09-22 05:53:08,-28.8667,153.5667,64.78,99,97,15.12,overcast clouds
390,Melnikovo,RU,2022-09-22 05:53:08,56.5558,84.085,68.25,51,67,9.26,broken clouds
391,Esperance,AU,2022-09-22 05:53:09,-33.8667,121.9,56.89,54,100,12.15,overcast clouds
392,Cambridge,CA,2022-09-22 05:53:09,43.3601,-80.3127,63.79,78,100,9.22,overcast clouds
393,Qeshm,IR,2022-09-22 05:53:10,26.9581,56.2719,91.29,74,52,9.57,broken clouds
394,Baruun-Urt,MN,2022-09-22 05:43:36,46.6806,113.2792,48.02,31,75,18.19,broken clouds
395,Katav-Ivanovsk,RU,2022-09-22 05:53:10,54.7531,58.1956,68.65,37,100,2.04,overcast clouds
396,Morehead,US,2022-09-22 05:53:11,37.2711,-87.1764,79.0,74,40,6.91,scattered clouds
397,Korla,CN,2022-09-22 05:53:11,41.7597,86.1469,83.14,13,86,4.12,overcast clouds
398,Bereda,ES,2022-09-22 05:53:12,43.2686,-7.5406,52.41,100,67,2.37,broken clouds
399,Yabrud,SY,2022-09-22 05:53:12,33.9674,36.6574,62.02,46,0,2.77,clear sky
400,Takestan,IR,2022-09-22 05:53:13,36.0696,49.6959,77.13,23,6,4.68,clear sky
401,Codrington,AU,2022-09-22 05:53:13,-38.2667,141.9667,57.04,83,99,4.72,overcast clouds
402,Wuwei,CN,2022-09-22 05:53:14,37.9281,102.6414,71.1,20,31,8.19,scattered clouds
403,Santa Cruz Cabralia,BR,2022-09-22 05:53:14,-16.2781,-39.0247,71.83,94,20,4.61,few clouds
404,Sangar,RU,2022-09-22 05:53:15,63.9242,127.4739,34.5,73,94,11.59,overcast clouds
405,Lesnoy,RU,2022-09-22 05:53:15,57.6198,63.0784,59.2,62,100,6.49,overcast clouds
406,Berlevag,NO,2022-09-22 05:49:34,70.8578,29.0864,50.0,87,100,13.8,light rain
407,Suntar,RU,2022-09-22 05:53:16,62.1444,117.6319,37.72,49,60,5.41,broken clouds
408,Tocopilla,CL,2022-09-22 05:53:16,-22.092,-70.1979,58.35,69,7,4.25,clear sky
409,Dryden,CA,2022-09-22 05:53:17,49.7833,-92.7503,43.09,87,100,5.75,overcast clouds
410,Wana,PK,2022-09-22 05:53:17,32.2989,69.5725,81.88,26,0,5.3,clear sky
411,Bethel,US,2022-09-22 05:43:31,41.3712,-73.414,70.65,85,40,1.99,scattered clouds
412,Ulaangom,MN,2022-09-22 05:53:18,49.9811,92.0667,63.86,36,23,5.99,few clouds
413,Xiaoweizhai,CN,2022-09-22 05:53:18,26.1903,107.5125,82.04,57,79,3.76,broken clouds
414,Beaufort,MY,2022-09-22 05:53:19,5.3473,115.7455,89.38,58,97,6.08,overcast clouds
415,Naryan-Mar,RU,2022-09-22 05:53:19,67.6713,53.087,41.92,87,100,18.61,overcast clouds
416,Chara,RU,2022-09-22 05:53:20,56.9064,118.2631,47.25,46,58,4.72,broken clouds
417,Mountain Home,US,2022-09-22 05:49:13,43.133,-115.6912,58.48,47,40,8.05,scattered clouds
418,Longyearbyen,SJ,2022-09-22 05:44:05,78.2186,15.6401,33.64,64,40,26.46,scattered clouds
419,Port Antonio,JM,2022-09-22 05:53:22,18.18,-76.4612,82.31,82,24,3.38,few clouds
420,Biak,ID,2022-09-22 05:53:22,-0.9131,122.8766,76.78,86,100,3.62,moderate rain
421,Prieska,ZA,2022-09-22 05:53:23,-29.6641,22.7474,61.23,27,0,5.32,clear sky
422,Sao Mateus,BR,2022-09-22 05:53:23,-18.7161,-39.8589,71.24,87,96,6.78,overcast clouds
423,Byron Bay,AU,2022-09-22 05:51:20,-28.65,153.6167,64.71,91,92,11.45,overcast clouds
424,Sao Joao Da Barra,BR,2022-09-22 05:53:24,-21.6403,-41.0511,69.98,95,97,4.79,overcast clouds
425,Athabasca,CA,2022-09-22 05:53:25,54.7169,-113.2854,45.01,42,0,10.22,clear sky
426,Sandwick,GB,2022-09-22 05:53:25,60.0,-1.25,55.22,94,20,10.36,light rain
427,Ambatofinandrahana,MG,2022-09-22 05:53:26,-20.55,46.8,64.98,51,2,7.96,clear sky
428,Bogorodskoye,RU,2022-09-22 05:53:26,56.55,37.8833,49.51,93,98,7.87,overcast clouds
429,Maceio,BR,2022-09-22 05:49:58,-9.6658,-35.7353,71.04,94,20,4.61,few clouds
430,Ponnampet,IN,2022-09-22 05:53:27,12.15,75.9333,78.98,54,43,6.64,scattered clouds
431,Kruisfontein,ZA,2022-09-22 05:53:27,-34.0033,24.7314,66.76,37,30,10.94,scattered clouds
432,Ihosy,MG,2022-09-22 05:53:28,-22.4,46.1167,69.96,54,9,8.81,clear sky
433,Aban,RU,2022-09-22 05:53:28,56.67,96.06,64.87,52,100,15.01,overcast clouds
434,Mundo Nuevo,MX,2022-09-22 05:53:29,18.7,-95.5,78.62,81,15,7.96,few clouds
435,Ayan,RU,2022-09-22 05:53:29,56.45,138.1667,51.64,63,12,10.42,few clouds
436,Aklavik,CA,2022-09-22 05:53:30,68.2191,-135.0107,41.74,79,97,6.55,overcast clouds
437,Vinh,VN,2022-09-22 05:53:30,18.6667,105.6667,83.07,75,94,7.78,moderate rain
438,Manakara,MG,2022-09-22 05:53:31,-22.1333,48.0167,67.71,89,80,4.92,light rain
439,Lodja,CD,2022-09-22 05:53:31,-3.4833,23.4333,69.93,95,99,2.33,overcast clouds
440,Puri,IN,2022-09-22 05:48:34,19.8,85.85,88.32,72,71,11.54,broken clouds
441,Port Victoria,KE,2022-09-22 05:53:32,0.0939,33.9756,71.89,62,99,7.23,overcast clouds
442,Antalaha,MG,2022-09-22 05:48:35,-14.9003,50.2788,72.55,91,87,13.73,moderate rain
443,Baiyin,CN,2022-09-22 05:53:32,36.5583,104.2081,69.44,19,11,6.98,few clouds
444,Cockburn Town,TC,2022-09-22 05:49:43,21.4612,-71.1419,81.93,81,100,14.0,overcast clouds
445,Malaya Vishera,RU,2022-09-22 05:53:33,58.8454,32.2222,45.41,88,31,5.26,scattered clouds
446,Maumere,ID,2022-09-22 05:53:34,-8.6199,122.2111,85.71,66,45,1.19,scattered clouds
447,Sola,VU,2022-09-22 05:44:14,-13.8833,167.55,80.51,74,66,10.4,broken clouds
448,Mugango,TZ,2022-09-22 05:53:34,-1.6833,33.7,77.23,44,76,4.74,broken clouds
449,Vostok,RU,2022-09-22 05:43:50,46.4856,135.8833,64.49,36,81,4.79,broken clouds
450,Waounde,SN,2022-09-22 05:53:35,15.2637,-12.8682,74.26,89,99,6.31,overcast clouds
451,Yulara,AU,2022-09-22 05:53:36,-25.2406,130.9889,84.31,13,0,4.61,clear sky
452,Nouakchott,MR,2022-09-22 05:48:46,18.0858,-15.9785,82.67,70,97,15.01,overcast clouds
453,Gemena,CD,2022-09-22 05:53:36,3.25,19.7667,71.22,98,99,1.28,overcast clouds
454,Valparaiso,CL,2022-09-22 05:53:37,-33.0393,-71.6273,48.69,67,0,12.39,clear sky
455,Champerico,GT,2022-09-22 05:53:37,14.3,-91.9167,75.36,93,100,3.96,overcast clouds
456,Houlton,US,2022-09-22 05:53:38,46.1262,-67.8403,55.81,69,100,5.75,overcast clouds
457,Coruripe,BR,2022-09-22 05:53:38,-10.1256,-36.1756,71.94,88,1,8.41,clear sky
458,Olafsvik,IS,2022-09-22 05:53:39,64.8945,-23.7142,47.59,86,85,9.19,overcast clouds
459,Beroroha,MG,2022-09-22 05:53:39,-21.6667,45.1667,81.27,36,0,6.58,clear sky
460,Lavrentiya,RU,2022-09-22 05:53:39,65.5833,-171.0,41.41,99,100,8.79,moderate rain
461,Leeton,AU,2022-09-22 05:53:40,-34.5667,146.4,71.89,64,36,10.78,scattered clouds
462,Roma,US,2022-09-22 05:53:40,43.2128,-75.4557,70.09,87,90,1.01,overcast clouds
463,Buzmeyin,TM,2022-09-22 05:53:41,38.0507,58.2056,87.53,20,0,2.3,clear sky
464,Mazagao,BR,2022-09-22 05:53:42,-0.115,-51.2894,78.85,93,9,4.56,clear sky
465,Samagaltay,RU,2022-09-22 05:53:43,50.6022,95.0047,61.77,28,18,5.79,few clouds
466,Port Macquarie,AU,2022-09-22 05:53:20,-31.4333,152.9167,58.89,100,100,5.75,light rain
467,Saint Anthony,US,2022-09-22 05:53:43,45.0205,-93.218,53.65,86,0,4.61,clear sky
468,Swan River,CA,2022-09-22 05:53:44,52.1058,-101.2676,35.49,93,28,4.61,scattered clouds
469,Francisco Sa,BR,2022-09-22 05:53:44,-16.4758,-43.4883,70.75,71,82,3.65,broken clouds
470,Luba,GQ,2022-09-22 05:53:45,3.4568,8.5547,80.49,85,91,0.92,light rain
471,Playas,EC,2022-09-22 05:53:45,-2.6333,-80.3833,69.13,84,92,9.91,overcast clouds
472,Opuwo,NA,2022-09-22 05:44:10,-18.0607,13.84,66.9,29,4,0.78,clear sky
473,Biltine,TD,2022-09-22 05:53:46,14.5333,20.9167,83.1,52,24,3.2,few clouds
474,Jardim,BR,2022-09-22 05:53:46,-21.4803,-56.1381,68.68,89,83,8.57,broken clouds
475,Ashcroft,CA,2022-09-22 05:53:47,50.7165,-121.2859,52.48,54,0,1.99,clear sky
476,Marsh Harbour,BS,2022-09-22 05:53:47,26.5412,-77.0636,83.21,73,1,12.19,clear sky
477,Baghdad,IQ,2022-09-22 05:50:42,33.3406,44.4009,89.51,29,20,4.61,few clouds
478,Kahului,US,2022-09-22 05:44:00,20.8947,-156.47,80.62,70,40,14.97,scattered clouds
479,Amahai,ID,2022-09-22 05:51:00,-3.3333,128.9167,81.37,75,98,2.15,light rain
480,Batagay,RU,2022-09-22 05:53:48,67.6333,134.6333,34.79,86,100,5.5,light snow
481,Bandar-E Lengeh,IR,2022-09-22 05:53:49,26.5579,54.8807,91.51,66,2,9.22,clear sky
482,Half Moon Bay,US,2022-09-22 05:53:49,37.4636,-122.4286,63.79,87,75,12.66,broken clouds
483,Keuruu,FI,2022-09-22 05:53:50,62.2667,24.7,36.81,73,73,2.73,broken clouds
484,Winnemucca,US,2022-09-22 05:53:50,40.973,-117.7357,50.05,76,0,0.0,clear sky
485,Doische,BE,2022-09-22 05:53:51,50.1336,4.7355,46.78,81,0,4.61,fog
486,Tsabong,BW,2022-09-22 05:53:52,-26.0217,22.401,60.6,22,0,9.64,clear sky
487,Hammerfest,NO,2022-09-22 05:44:27,70.6634,23.6821,50.45,100,75,11.5,light intensity drizzle
488,Raga,SS,2022-09-22 05:53:52,8.4596,25.678,74.86,90,98,2.95,overcast clouds
489,Panubigan,PH,2022-09-22 05:53:53,7.4281,123.3466,83.53,67,89,5.01,overcast clouds
490,Tilichiki,RU,2022-09-22 05:44:23,60.4667,166.1,42.67,77,59,22.06,broken clouds
491,Bambanglipuro,ID,2022-09-22 05:53:53,-7.95,110.2833,82.09,72,89,15.14,overcast clouds
492,San Andres,CO,2022-09-22 05:53:54,12.5847,-81.7006,78.82,89,40,2.3,scattered clouds
493,Syracuse,IT,2022-09-22 05:53:54,37.0881,15.2792,72.99,62,100,12.41,overcast clouds
494,Palmer,US,2022-09-22 05:53:55,42.1584,-72.3287,65.89,85,100,8.05,overcast clouds
495,Guia De Isora,ES,2022-09-22 05:53:55,28.2115,-16.7795,65.32,87,0,7.96,clear sky
496,Bukachacha,RU,2022-09-22 05:53:56,52.9833,116.9167,55.24,46,37,6.17,scattered clouds
497,Nhamunda,BR,2022-09-22 05:53:56,-2.1861,-56.7131,79.45,52,35,3.62,scattered clouds
498,Kulhudhuffushi,MV,2022-09-22 05:53:57,6.6221,73.07,81.93,73,5,7.54,clear sky
499,Vila Velha,BR,2022-09-22 05:49:47,-20.3297,-40.2925,75.15,78,0,11.01,clear sky
500,Beni Suef,EG,2022-09-22 05:53:57,29.0731,31.0979,81.34,32,0,0.2,clear sky
501,Axim,GH,2022-09-22 05:50:24,4.8699,-2.2405,74.34,92,97,3.85,light rain
502,Moerai,PF,2022-09-22 05:53:58,-22.4333,-151.3333,72.91,80,50,23.62,scattered clouds
503,Tarko-Sale,RU,2022-09-22 05:53:58,64.9225,77.785,38.5,75,83,24.02,broken clouds
504,Beringovskiy,RU,2022-09-22 05:53:59,63.05,179.3167,44.47,85,69,7.16,light rain
505,Bloemfontein,ZA,2022-09-22 05:49:30,-29.1211,26.214,40.48,93,0,1.14,clear sky
506,Puerto Ayacucho,VE,2022-09-22 05:53:59,5.6639,-67.6236,74.28,93,100,3.4,overcast clouds
507,Abha,SA,2022-09-22 05:54:00,18.2164,42.5053,68.25,49,0,0.0,clear sky
508,Maslova Pristan,RU,2022-09-22 05:54:00,50.4587,36.7408,49.35,68,36,4.99,scattered clouds
509,Nizhnyaya Tavda,RU,2022-09-22 05:54:02,57.6731,66.1725,60.78,57,100,7.61,overcast clouds
510,Scottsbluff,US,2022-09-22 05:49:42,41.8666,-103.6672,56.52,78,20,5.75,few clouds
511,Bonthe,SL,2022-09-22 05:54:02,7.5264,-12.505,74.86,90,100,6.67,moderate rain
512,Benjamin Hill,MX,2022-09-22 05:54:03,30.1667,-111.1,78.58,73,2,3.24,clear sky
513,Luchenza,MW,2022-09-22 05:54:03,-16.0069,35.3095,77.74,47,5,12.88,clear sky
514,Chapleau,CA,2022-09-22 05:54:04,47.8405,-83.4034,40.14,94,99,11.9,overcast clouds
515,Kota Belud,MY,2022-09-22 05:54:05,6.351,116.4305,84.04,75,97,5.97,overcast clouds
516,Sehithwa,BW,2022-09-22 05:54:05,-20.4667,22.7167,64.49,13,0,7.52,clear sky
517,Sadiqabad,PK,2022-09-22 05:54:06,28.3062,70.1307,98.29,28,0,8.9,clear sky
518,Nikko,JP,2022-09-22 05:54:06,36.75,139.6167,69.15,64,81,4.12,broken clouds
519,Banyuwangi,ID,2022-09-22 05:54:07,-8.2325,114.3576,87.21,59,47,7.72,scattered clouds
520,Buluang,PH,2022-09-22 05:54:07,13.3068,123.3425,81.16,85,100,3.62,overcast clouds
521,Qurayyat,SA,2022-09-22 05:54:07,31.3318,37.3428,64.58,63,0,4.61,clear sky
522,Zhangjiakou,CN,2022-09-22 05:54:08,40.81,114.8794,62.29,22,31,26.6,scattered clouds
523,San Patricio,US,2022-09-22 05:44:26,28.017,-97.5169,82.29,70,4,4.27,clear sky
524,Pauini,BR,2022-09-22 05:54:09,-7.7136,-66.9764,76.91,64,26,2.91,scattered clouds
525,Te Anau,NZ,2022-09-22 05:54:09,-45.4167,167.7167,52.79,73,17,1.12,few clouds
526,Rapid Valley,US,2022-09-22 05:54:10,44.0625,-103.1463,52.52,63,0,4.0,clear sky
527,Piacabucu,BR,2022-09-22 05:54:10,-10.4056,-36.4344,72.1,87,2,7.58,clear sky
528,Waitati,NZ,2022-09-22 05:54:11,-45.75,170.5667,50.81,82,9,7.0,clear sky
529,Balakhninskiy,RU,2022-09-22 05:54:11,58.0106,114.2769,42.53,75,100,6.33,light rain
530,Itarema,BR,2022-09-22 05:54:12,-2.9248,-39.9167,78.44,72,18,16.06,few clouds
531,Takab,IR,2022-09-22 05:54:12,36.4009,47.1133,71.56,28,89,4.29,overcast clouds
532,Pokhara,NP,2022-09-22 05:54:13,28.2333,83.9833,82.02,69,80,5.19,broken clouds
533,Ganganagar,IN,2022-09-22 05:54:13,29.9167,73.8833,94.15,42,0,5.88,clear sky
534,Rio De Janeiro,BR,2022-09-22 05:54:14,-22.9028,-43.2075,71.94,90,100,5.75,overcast clouds
535,Ponot,PH,2022-09-22 05:54:14,8.452,123.0222,85.24,64,83,5.1,broken clouds
536,Haines Junction,CA,2022-09-22 05:54:14,60.7522,-137.5108,51.75,58,100,10.36,overcast clouds
537,Aykhal,RU,2022-09-22 05:54:15,66.0,111.5,27.46,76,100,13.29,overcast clouds
538,Joshimath,IN,2022-09-22 05:54:15,30.5667,79.5667,70.11,85,100,4.21,overcast clouds
539,Ust-Nera,RU,2022-09-22 05:50:05,64.5667,143.2,31.1,91,100,5.84,light snow
540,Humaita,BR,2022-09-22 05:54:16,-7.5061,-63.0208,79.43,49,42,1.57,scattered clouds
541,Acapulco,MX,2022-09-22 05:50:44,16.8634,-99.8901,77.63,87,92,3.6,overcast clouds
542,Ambilobe,MG,2022-09-22 05:54:17,-13.2,49.05,84.9,47,80,12.48,broken clouds
543,Roald,NO,2022-09-22 05:54:18,62.5833,6.1333,60.1,63,75,11.5,broken clouds
544,Lumberton,US,2022-09-22 05:54:18,34.6182,-79.0086,72.82,100,0,0.0,clear sky
545,Quepos,CR,2022-09-22 05:54:19,9.4236,-84.1652,75.97,89,98,3.18,overcast clouds
546,Poum,NC,2022-09-22 05:54:19,-20.2333,164.0167,75.51,74,45,8.3,scattered clouds
547,Saint-Joseph,RE,2022-09-22 05:54:20,-21.3667,55.6167,75.58,69,17,9.66,few clouds
548,Zhangye,CN,2022-09-22 05:54:21,38.9342,100.4517,75.6,15,67,4.52,broken clouds
549,Arlit,NE,2022-09-22 05:54:21,18.7369,7.3853,89.33,32,69,5.06,broken clouds
550,Christchurch,NZ,2022-09-22 05:50:12,-43.5333,172.6333,53.47,71,14,12.66,few clouds
551,Lagoa,PT,2022-09-22 05:54:22,39.05,-27.9833,73.33,86,19,13.2,light rain
552,Nekhayevskiy,RU,2022-09-22 05:54:22,50.4106,41.7561,57.76,71,89,4.65,overcast clouds
553,Vaitape,PF,2022-09-22 05:51:34,-16.5167,-151.75,78.39,75,3,19.8,light rain
554,Manggar,ID,2022-09-22 05:54:23,-2.8833,108.2667,85.64,67,81,11.1,broken clouds
555,Marzuq,YE,2022-09-22 05:54:23,14.4,46.4667,87.87,25,26,6.78,scattered clouds
556,Mandalgovi,MN,2022-09-22 05:54:24,45.7625,106.2708,50.23,20,0,20.54,clear sky
557,Tucupita,VE,2022-09-22 05:54:26,9.0622,-62.051,71.65,99,100,4.52,overcast clouds
558,Uinskoye,RU,2022-09-22 05:54:26,56.8817,56.5813,60.39,65,98,5.82,overcast clouds
559,Oum Hadjer,TD,2022-09-22 05:54:26,13.2954,19.6966,81.64,58,34,5.48,scattered clouds
560,Itoman,JP,2022-09-22 05:54:27,26.1247,127.6694,86.77,71,40,11.5,scattered clouds
561,Kaihua,CN,2022-09-22 05:54:28,23.3687,104.28,75.49,69,70,5.39,broken clouds
562,Ponto Novo,BR,2022-09-22 05:54:28,-10.8628,-40.1336,65.91,83,4,4.0,clear sky
563,Matadi,CD,2022-09-22 05:54:28,-5.8167,13.45,75.02,81,96,3.2,overcast clouds
564,Port Augusta,AU,2022-09-22 05:54:29,-32.5,137.7667,69.12,49,93,10.0,overcast clouds
565,Dubovskoye,RU,2022-09-22 05:54:29,47.4092,42.7575,57.87,92,100,6.82,overcast clouds
566,Turukhansk,RU,2022-09-22 05:54:30,65.8167,87.9833,38.59,96,100,15.35,overcast clouds
567,Kirkwall,GB,2022-09-22 05:54:30,58.9848,-2.9587,57.25,88,75,14.97,broken clouds
568,Ilheus,BR,2022-09-22 05:54:31,-14.7889,-39.0494,69.12,91,94,4.03,overcast clouds
569,Kayerkan,RU,2022-09-22 05:54:31,69.3497,87.7602,37.53,100,100,5.91,light rain
570,San Carlos De Bariloche,AR,2022-09-22 05:54:31,-41.1456,-71.3082,40.24,75,75,23.02,broken clouds
571,Bonavista,CA,2022-09-22 05:54:32,48.6499,-53.1147,54.55,84,99,22.95,overcast clouds
572,Abu Dhabi,AE,2022-09-22 05:54:33,24.4667,54.3667,95.02,36,0,11.5,clear sky
573,Fuerte Olimpo,PY,2022-09-22 05:54:33,-21.0415,-57.8738,68.76,89,75,8.59,broken clouds
574,Gallup,US,2022-09-22 05:54:34,35.5281,-108.7426,62.11,76,66,6.35,broken clouds
575,Marovoay,MG,2022-09-22 05:54:34,-16.1,46.6333,83.59,43,39,14.03,scattered clouds
576,Estelle,US,2022-09-22 05:54:34,29.8458,-90.1067,82.99,78,20,1.01,few clouds
577,San Vicente,AR,2022-09-22 05:54:35,-26.6167,-54.1333,53.55,99,16,1.5,few clouds
578,Homer,US,2022-09-22 05:54:36,59.6425,-151.5483,45.77,84,100,7.94,overcast clouds
579,Port Moresby,PG,2022-09-22 05:52:06,-9.4431,147.1797,85.42,70,75,17.27,haze
580,Saint-Pierre,RE,2022-09-22 05:50:43,-21.3393,55.4781,76.68,65,0,19.57,clear sky
581,Gobabis,NA,2022-09-22 05:54:36,-22.45,18.9667,60.12,14,0,12.26,clear sky
582,Novikovo,RU,2022-09-22 05:54:37,51.1537,37.8879,53.44,65,56,3.24,broken clouds
583,Codajas,BR,2022-09-22 05:54:37,-3.8367,-62.0569,78.3,57,72,2.26,broken clouds
584,Yanam,IN,2022-09-22 05:54:38,16.7333,82.2167,91.17,55,99,8.12,heavy intensity rain
585,Leningradskiy,RU,2022-09-22 05:54:38,69.3833,178.4167,36.3,98,100,19.84,light rain
586,Praia,CV,2022-09-22 05:54:38,14.9215,-23.5087,79.34,73,75,10.36,broken clouds
587,Dongkan,CN,2022-09-22 05:54:39,33.9997,119.8308,77.32,49,99,5.86,overcast clouds
588,Miramar,US,2022-09-22 05:54:39,25.9873,-80.2323,81.0,89,7,4.18,clear sky
589,Barreirinha,BR,2022-09-22 05:54:40,-2.7933,-57.07,80.62,51,91,3.22,overcast clouds
590,Passo Fundo,BR,2022-09-22 05:54:40,-28.2628,-52.4067,55.44,98,93,2.66,overcast clouds
591,Setubal,PT,2022-09-22 05:54:41,38.5244,-8.8882,68.54,79,0,0.67,clear sky
592,Saint-Medard-En-Jalles,FR,2022-09-22 05:54:41,44.8969,-0.7214,48.42,81,0,1.14,clear sky
593,Defiance,US,2022-09-22 05:54:42,41.3334,-84.45,64.11,78,90,9.69,overcast clouds
594,Sidi Bin Nur,TN,2022-09-22 05:54:42,35.5333,10.9167,75.11,60,100,4.32,overcast clouds
595,Campbell River,CA,2022-09-22 05:54:43,50.0163,-125.2446,60.46,59,1,3.42,clear sky
596,Tucuman,AR,2022-09-22 05:54:43,-26.8241,-65.2226,46.4,93,0,6.91,clear sky
597,Manado,ID,2022-09-22 05:54:44,1.487,124.8455,79.57,89,40,3.44,scattered clouds
598,Beyla,GN,2022-09-22 05:54:44,8.6833,-8.6333,66.29,99,73,3.0,broken clouds
599,Bushehr,IR,2022-09-22 05:54:45,28.9684,50.8385,95.09,23,0,4.61,clear sky
600,Shibetsu,JP,2022-09-22 05:54:45,43.659,145.132,66.9,59,20,11.5,few clouds
601,Juiz De Fora,BR,2022-09-22 05:54:45,-21.7642,-43.3503,63.99,98,100,0.92,overcast clouds
602,Kondinskoye,RU,2022-09-22 05:54:46,59.6481,67.41,55.27,47,50,13.65,scattered clouds
603,Tsimlyansk,RU,2022-09-22 05:54:46,47.6461,42.1019,58.87,73,100,2.08,overcast clouds
604,Kirakira,SB,2022-09-22 05:54:48,-10.4544,161.9205,77.9,86,100,4.88,light rain
605,Senneterre,CA,2022-09-22 05:54:48,48.3835,-77.2328,46.54,94,53,9.98,broken clouds
606,Nizwa,OM,2022-09-22 05:54:49,22.9333,57.5333,91.63,28,0,3.49,clear sky
607,Chermoz,RU,2022-09-22 05:54:49,58.787,56.1489,50.83,80,100,7.99,overcast clouds
608,Puerto Escondido,MX,2022-09-22 05:54:50,15.85,-97.0667,76.21,93,100,3.42,overcast clouds
609,Verkhoyansk,RU,2022-09-22 05:54:50,67.5447,133.385,37.78,67,100,5.1,overcast clouds
610,Makakilo City,US,2022-09-22 05:54:51,21.3469,-158.0858,79.12,67,40,4.61,scattered clouds
611,Hirara,JP,2022-09-22 05:50:36,24.8,125.2833,85.86,74,40,17.27,scattered clouds
612,Bafilo,TG,2022-09-22 05:54:51,9.35,1.2667,67.17,98,98,2.75,moderate rain
613,Taunggyi,MM,2022-09-22 05:54:52,20.7833,97.0333,76.01,70,32,1.3,scattered clouds
614,Chernyshevskiy,RU,2022-09-22 05:54:52,63.0128,112.4714,34.05,53,100,7.07,overcast clouds
615,Shimoda,JP,2022-09-22 05:54:53,34.6667,138.95,70.16,76,90,19.98,overcast clouds
616,Sitka,US,2022-09-22 05:54:53,57.0531,-135.33,54.41,97,100,4.81,moderate rain
617,Richards Bay,ZA,2022-09-22 05:54:54,-28.783,32.0377,65.89,74,1,8.68,clear sky
618,Sao Desiderio,BR,2022-09-22 05:54:54,-12.3633,-44.9733,77.36,56,97,1.88,overcast clouds
619,Otofuke,JP,2022-09-22 05:54:54,42.9917,143.2003,67.15,81,92,6.13,overcast clouds
620,Gamba,GA,2022-09-22 05:54:55,-2.65,10.0,74.93,87,100,3.36,overcast clouds
621,Okhotsk,RU,2022-09-22 05:54:55,59.3833,143.3,49.12,42,0,21.39,clear sky
622,Mombetsu,JP,2022-09-22 05:54:56,44.3525,143.3525,62.62,72,20,4.61,few clouds
623,Paramo,ES,2022-09-22 05:54:56,43.1007,-6.0423,54.07,67,41,3.02,scattered clouds
624,Corinto,GR,2022-09-22 05:54:57,37.9407,22.9573,68.9,61,98,9.8,overcast clouds
625,Ust-Koksa,RU,2022-09-22 05:54:57,50.2696,85.6108,71.2,34,0,0.74,clear sky
626,Amga,RU,2022-09-22 05:54:58,60.8953,131.9608,41.04,48,77,8.61,broken clouds
627,Grootfontein,NA,2022-09-22 05:54:58,-19.5667,18.1167,45.97,27,0,4.61,clear sky
628,San Ramon De La Nueva Oran,AR,2022-09-22 05:54:59,-23.1322,-64.326,59.43,64,100,3.31,overcast clouds
629,Dickinson,US,2022-09-22 05:54:59,29.4608,-95.0513,81.12,85,3,4.59,clear sky
630,Laranjeiro,PT,2022-09-22 05:54:59,37.0683,-7.7937,67.78,83,0,3.44,clear sky
631,Victor Harbor,AU,2022-09-22 05:55:00,-35.5667,138.6167,62.67,81,100,5.08,overcast clouds
632,Port Hedland,AU,2022-09-22 05:55:00,-20.3167,118.5667,95.05,13,23,11.5,few clouds
633,Nikolayevsk-Na-Amure,RU,2022-09-22 05:55:01,53.1406,140.73,58.57,58,49,6.29,scattered clouds
634,Chor,PK,2022-09-22 05:55:01,25.5167,69.7667,92.41,41,44,13.44,scattered clouds
635,Comalcalco,MX,2022-09-22 05:55:02,18.2667,-93.2167,75.78,81,20,5.1,few clouds
636,Manokwari,ID,2022-09-22 05:55:03,-0.8667,134.0833,83.64,69,48,8.63,scattered clouds
637,Lewistown,US,2022-09-22 05:55:03,40.5992,-77.5714,74.34,100,0,0.0,clear sky
638,Roquetas De Mar,ES,2022-09-22 05:55:04,36.7642,-2.6148,71.62,77,21,3.0,few clouds
639,Shaping,CN,2022-09-22 05:55:04,22.7545,112.9565,88.83,58,72,1.79,broken clouds
640,Peniche,PT,2022-09-22 05:55:05,39.3558,-9.3811,68.29,94,0,2.8,clear sky
641,Gushikawa,JP,2022-09-22 05:55:05,26.3544,127.8686,86.0,71,75,9.22,broken clouds
642,Tazovskiy,RU,2022-09-22 05:55:06,67.4667,78.7,39.06,71,87,16.62,overcast clouds
643,Plaster Rock,CA,2022-09-22 05:55:06,46.9065,-67.39,52.59,98,100,6.13,overcast clouds
644,Verkhnyaya Maksakovka,RU,2022-09-22 05:55:07,61.635,50.9674,37.42,100,100,2.24,fog
645,Puerto Plata,DO,2022-09-22 05:55:07,19.7934,-70.6884,75.11,91,100,5.17,overcast clouds
646,Skerries,IE,2022-09-22 05:55:08,53.5828,-6.1083,61.12,92,100,15.23,moderate rain
647,Chinsali,ZM,2022-09-22 05:55:08,-10.5414,32.0816,72.19,43,47,4.85,scattered clouds
648,Kashan,IR,2022-09-22 05:55:09,33.9831,51.4364,85.91,19,33,2.98,scattered clouds
649,Krasnouralsk,RU,2022-09-22 05:55:09,58.3638,60.0407,56.95,59,98,4.63,overcast clouds
650,Elbrus,RU,2022-09-22 05:55:10,43.2577,42.6443,53.78,95,96,10.49,overcast clouds
651,Itupiranga,BR,2022-09-22 05:55:11,-5.1347,-49.3267,77.32,53,16,4.88,few clouds
652,Gimli,CA,2022-09-22 05:55:12,50.6336,-96.9907,44.62,87,85,5.75,overcast clouds
653,Jalu,LY,2022-09-22 05:55:12,29.0331,21.5482,77.5,57,1,13.31,clear sky
654,Fare,PF,2022-09-22 05:55:13,-16.7,-151.0167,78.3,75,0,19.71,clear sky
655,Saint-Francois,FR,2022-09-22 05:55:13,46.4154,3.9054,35.04,93,0,2.3,clear sky
656,Moree,AU,2022-09-22 05:55:14,-29.4667,149.85,68.27,56,17,5.1,few clouds
657,Trmice,CZ,2022-09-22 05:55:14,50.6429,13.9945,50.04,93,97,2.68,overcast clouds
658,Namatanai,PG,2022-09-22 05:55:15,-3.6667,152.4333,83.8,67,79,10.47,broken clouds
659,Ipaba,BR,2022-09-22 05:55:15,-19.4136,-42.4194,69.94,83,0,1.14,clear sky
660,Dom Pedrito,BR,2022-09-22 05:55:16,-30.9828,-54.6731,50.7,93,98,8.41,overcast clouds
661,Sokoto,NG,2022-09-22 05:55:16,13.0609,5.239,75.67,82,27,6.53,scattered clouds
662,Balabac,PH,2022-09-22 05:55:17,7.9868,117.0645,85.59,67,87,1.34,overcast clouds
663,Enshi,CN,2022-09-22 05:55:17,30.3,109.4833,75.76,70,100,2.59,overcast clouds
664,Lakatoro,VU,2022-09-22 05:55:18,-16.0999,167.4164,80.31,75,48,7.65,scattered clouds
665,Elizabeth City,US,2022-09-22 05:55:18,36.2946,-76.2511,73.42,88,0,7.38,clear sky
666,Mayya,RU,2022-09-22 05:55:19,61.7333,130.2811,36.72,50,98,9.55,overcast clouds
667,Kuito,AO,2022-09-22 05:55:19,-12.3833,16.9333,64.51,60,41,7.27,scattered clouds
668,Adre,TD,2022-09-22 05:55:20,13.4667,22.2,79.32,51,62,2.01,broken clouds
669,Camacha,PT,2022-09-22 05:55:20,33.0833,-16.3333,69.22,83,40,10.36,scattered clouds
670,Encruzilhada Do Sul,BR,2022-09-22 05:51:20,-30.5439,-52.5219,51.13,98,99,5.79,overcast clouds
671,Amuntai,ID,2022-09-22 05:50:50,-2.4177,115.2494,93.27,46,33,2.64,scattered clouds
672,Agadez,NE,2022-09-22 05:55:21,19.75,10.25,84.81,15,2,8.68,clear sky
673,Mutsu,JP,2022-09-22 05:55:22,41.2894,141.2169,66.56,75,89,17.96,overcast clouds
674,Kyshtovka,RU,2022-09-22 05:55:22,56.555,76.6271,68.83,51,100,11.32,overcast clouds
675,Toora-Khem,RU,2022-09-22 05:55:23,52.4675,96.11,61.3,35,76,2.62,broken clouds
676,Igarka,RU,2022-09-22 05:55:23,67.4667,86.5833,36.28,98,100,9.98,light rain
677,Bell Ville,AR,2022-09-22 05:55:24,-32.6259,-62.6887,44.35,67,4,7.09,clear sky
678,Mizdah,LY,2022-09-22 05:55:24,31.4451,12.9801,68.85,76,9,4.14,clear sky
679,Ust-Kuyga,RU,2022-09-22 05:55:25,70.0167,135.6,33.62,96,100,2.91,light snow
680,Goderich,CA,2022-09-22 05:55:25,43.7501,-81.7165,65.91,77,74,19.57,broken clouds
681,Kassala,SD,2022-09-22 05:55:26,15.451,36.4,85.44,51,5,8.05,clear sky
682,Klamath Falls,US,2022-09-22 05:55:26,42.2249,-121.7817,50.97,84,82,1.99,broken clouds
